rmse_K,pct_outside_band,max_T,min_T,energy_kwh_el_day,compressor_starts_day,controller,delay_min
0.407,0.0,20.732,19.029,1.837,25.667,"On/off, ±0.5 K",0
0.689,0.0,21.199,18.53,1.837,14.0,"On/off, ±1.0 K",0
0.042,0.0,20.125,19.864,1.811,7.667,"MPC, delay-unaware",0
0.042,0.0,20.125,19.864,1.811,7.667,"MPC, lag-aware",0
0.729,0.0,21.067,18.293,1.904,14.667,"On/off, ±0.5 K",10
0.982,1.667,21.568,17.807,1.867,10.0,"On/off, ±1.0 K",10
0.287,0.0,20.491,19.298,1.831,28.667,"MPC, delay-unaware",10
0.058,0.0,20.166,19.855,1.804,6.333,"MPC, lag-aware",10
1.076,5.952,21.459,17.217,1.97,10.333,"On/off, ±0.5 K",20
1.299,12.857,21.837,16.934,1.941,8.0,"On/off, ±1.0 K",20
0.677,0.0,20.854,18.432,1.906,14.667,"MPC, delay-unaware",20
0.079,0.0,20.21,19.85,1.798,5.667,"MPC, lag-aware",20
1.432,18.69,21.738,16.535,2.015,8.0,"On/off, ±0.5 K",30
1.579,21.905,22.139,16.009,1.97,6.667,"On/off, ±1.0 K",30
1.081,5.714,21.214,17.372,1.964,10.0,"MPC, delay-unaware",30
0.101,0.0,20.254,19.849,1.792,4.667,"MPC, lag-aware",30
1.726,26.429,22.057,15.76,2.052,6.667,"On/off, ±0.5 K",40
1.899,31.905,22.45,15.407,2.015,5.667,"On/off, ±1.0 K",40
1.428,19.167,21.52,16.62,2.035,8.333,"MPC, delay-unaware",40
0.123,0.0,20.302,19.845,1.785,4.667,"MPC, lag-aware",40
