ppfd,photoperiod_h,t_air_c,rh_pct,energy_kwh_m2,water_l_m2,yield_kg_m2,kwh_per_kg,l_per_kg
195.314481673009,14.314267646874704,21.997334333342973,72.67530290653806,46.11240950474704,4.616337626906583,2.2670025208076203,20.34069617545881,2.036317818147821
222.88957714781856,13.48291088774411,23.05288078136088,79.04885376543976,48.37355890376436,3.397168230309103,2.1466980905886177,22.53393670765342,1.58250861879586
151.96726512590126,19.988177209628006,22.341564245301115,78.81593046460934,49.657533268032225,5.475946419225576,2.5381025081137203,19.564825734693024,2.157496161687818
159.32111309404576,19.377943577134445,22.33758942331187,70.99926049911556,51.08475439074395,8.78062870995308,3.038934313763162,16.81008837847662,2.889377592067755
196.3532285215382,16.050400006028507,22.01129453520115,73.50451437107849,51.69365871172735,6.307988338910146,2.867538710075435,18.027187751675537,2.1997918691546468
162.05063148566467,19.725939779871034,22.33758942331187,71.56604064040636,52.778485305893994,9.213532240966973,3.2144633828874825,16.419065647742496,2.8662738203882285
171.58003380630902,19.018888769484015,21.644843208926034,72.2771891067269,54.008777020534254,8.42245441744391,3.249568031176796,16.6202942983088,2.5918689304663705
188.61438506872616,19.99783681219536,23.009713154374435,79.2969923798907,60.45138202464668,7.588019711568691,3.4847823383072876,17.347247591369104,2.177473074331101
187.34493200199222,19.933313644040364,22.09314315984965,73.15885775916328,61.04804575540935,10.268888937108054,3.9625217641935233,15.406362258261115,2.5915034788958544
323.28265961332596,12.623308867954677,22.27348369160571,79.76814895551212,64.54031434325572,3.2825785634024003,2.375432775844766,27.16991825639161,1.3818865331750039
323.3581625289197,12.58552745478919,22.19672316329013,78.96465174106497,64.54920731319825,3.8717110508004016,2.700059716338235,23.906585073880716,1.4339353412713167
323.3581625289197,12.58552745478919,21.735243461690946,78.79829199922146,64.7738069335121,3.4946860141258638,2.4960493409500364,25.950531454181174,1.4000869120622954
350.5090613271549,12.721366684375045,22.230363567576696,72.69261610547213,70.86751290127009,6.84063729854011,3.7244550417082314,19.027619371870983,1.8366813995431217
323.0141751746861,14.047556770325917,22.319100121544533,72.69261610547213,72.19029779926943,7.94642086461306,4.042159552381512,17.85933901514036,1.965885008158889
377.9203442575594,12.11495769958179,21.780453837307668,73.06581545467674,72.82787274091069,6.263418593795828,3.6921199554647512,19.725218470520513,1.6964287914116298
382.0641822189326,12.351709339322243,21.81637139366693,79.58867753288433,74.26760155999074,3.436025663885261,2.572912808497204,28.865183971535057,1.3354613699063462
396.6103304303327,12.05911327844943,22.0800416163538,76.1510593378687,75.51296705210154,5.8068438566694525,3.843589995277228,19.64646779310159,1.5107864948666618
323.5604556008352,14.962548841416613,23.100522678389208,78.82627765187486,75.8856276581472,7.04961973903553,4.236557470905743,17.91209683316852,1.6639971928737642
350.5090613271549,14.047556770325917,22.319100121544533,72.69261610547213,77.95030509024159,8.398504310488697,4.374775643736287,17.818126331083793,1.9197565759774449
323.35842042073455,15.602992475279484,22.185982580060745,75.7484663243494,79.87615511664958,8.583563400913953,4.796828480452516,16.65186809204284,1.7894247075734944
337.3377037371405,15.551464161341018,22.185983305072615,75.7484663243494,82.85730302715004,8.745518382605676,4.963380860034966,16.693722558007835,1.7620083223966145
421.5837064188187,12.50957022833677,22.005197307906855,73.06581545467674,83.10656582003881,7.310365451117288,4.314020564138655,19.264295240241168,1.6945597134808486
401.163501223776,13.35436442408775,22.116343514043376,74.70268304890426,84.30372545186229,7.598317112754586,4.58048555633495,18.404975720372633,1.6588453384043278
396.41248150246497,13.9839578241625,22.858964314820632,75.03333606885218,86.57888115297338,8.305234736123246,4.720193195477047,18.342232524705647,1.7595116115334928
442.46611364462643,12.58552745478919,21.7208370364588,75.8200326677769,87.5492177460126,6.694159387994981,4.523841875345918,19.352846575637237,1.4797509666456032
282.4186707109731,19.999831414508822,22.51761451445632,72.07708109435902,89.63654331863958,14.253834731750095,6.058985857426701,14.793984575614925,2.3525116359660574
292.87523225814783,19.98329212027755,22.475965359082522,67.15712161096475,93.23904369207939,16.991148850390225,6.264419626043894,14.883907729368012,2.7123260995720484
397.27130396058794,15.10406563393377,22.189700146245915,73.84623684598826,94.1356639561213,9.729160960154621,5.472825149229549,17.20056120729044,1.777721870307563
305.42484205776077,19.642264514549087,22.115225573635673,78.27102407987293,94.33563822496355,10.441285262072181,5.818884530279923,16.211979759018426,1.794379181738101
305.76644362788704,19.962150892954405,22.574345276837107,75.50038197426491,95.98165880424096,12.943612091513,6.471373669568273,14.831728734131996,2.0001336273286956
305.76644362788704,19.962150892954405,22.570267894927554,75.50038197426491,95.98487720351248,12.941441695418522,6.472544654250661,14.829542680787398,1.9994364483711358
398.9268758568266,15.485354795436326,22.405466026131403,75.75189364298853,96.4948886178052,9.509936055624651,5.66621929394274,17.029854231190708,1.6783565129205098
397.7156915312297,15.602992475279484,22.570267894927554,75.75189364298853,96.79364630214428,9.67863557877972,5.677904049869059,17.047425502792088,1.7046141487725428
313.0663876059902,19.744459048681676,22.398499596458297,65.7687355153343,98.30035299667361,17.812669634834826,6.547283317177059,15.013914662708839,2.7206199536382636
313.0663876059902,19.987346045808682,22.385871613009826,65.0330869905522,99.57631034855848,18.523111997475908,6.66222649935622,14.946401230606716,2.7803185615598363
330.3944517928422,19.72372708076815,21.43859500348865,76.57248458565549,102.85485218686638,11.65452120132341,6.759713082682531,15.215860633251813,1.7241147751049841
330.02392778027206,19.957083142430264,22.0248177455657,76.63797201929799,103.45399120536987,12.364387842014258,6.990572401085865,14.799072989974336,1.768723236468256
335.7586825440728,19.72372708076815,21.43859500348865,76.6955492663066,104.40349800133885,11.594391767361662,6.7610935708506545,15.441806404138141,1.714869295308821
331.5902095228558,19.98474439117026,21.07548630289743,75.3101497233901,104.96901349384214,12.189359814989361,6.804533523809938,15.426334976018865,1.7913586247076634
331.9970523218149,19.98474439117026,21.994666410821225,69.51989913008504,105.0069094049501,16.17341764410627,7.038773593254647,14.918353036043047,2.297760743378005
333.1271028638463,19.999831414508822,21.643257720386625,72.07708109435902,105.4137848092388,14.505939196925763,7.031694351299607,14.991235332883331,2.062936537371644
350.5090613271549,19.7291921891137,22.319100121544533,75.4532543272939,108.18098820234223,13.255117734896187,7.19905305933241,15.027113609352142,1.841230732104838
350.98438735058306,19.917316640812516,22.2151097714113,70.73480828681166,109.95907432312124,15.94067430065859,7.315546704045432,15.030875855431947,2.1790134005765474
352.5421856368587,19.947001189202737,22.216287549514437,65.56334585405126,111.1762430861021,18.826967221865843,7.356056600295202,15.113565477682778,2.5593831375781297
368.89698122969907,19.83472177929338,21.995429357800973,77.05346177661932,114.24683111563823,12.473219724567887,7.57817846198806,15.075764141567433,1.6459390323325351
369.30382402865973,19.83472177929338,21.99466837576724,77.05346177661932,114.36712251617298,12.47726441631042,7.5846648564911145,15.078731187218537,1.6450646999428218
395.319366835952,19.1361806127482,22.13196624140493,77.7010387093829,117.59035618685711,11.745503553179034,7.4333610573846025,15.819271427699327,1.5801066923166034
387.5107192951992,19.642264514549087,21.95313443778807,73.57300798182479,119.0245682959438,14.355969655203486,7.766241095309133,15.325891487947176,1.8485093984366
388.1934108577319,19.988375061314205,22.188317439394712,77.88282555727704,120.50611752920678,12.319410479506109,7.68054065388387,15.689796195306855,1.603976989989171
388.0599283801145,19.988375061314205,21.030371002665817,79.01756674637053,121.07000152574855,9.107261833184058,5.301191821475337,22.838260829440127,1.7179649671023376
405.28284484816163,19.996232512141102,21.872343759158863,79.62441349254269,125.43668240492579,10.023729339852268,6.089465684676759,20.59896366943469,1.646076989164337
431.3175430773815,18.980506070874497,21.801487486462555,75.49537763322054,127.35644866817955,12.947339443832893,8.013211829415898,15.893308623224412,1.6157490553668112
411.1014476500394,19.97310146470335,21.6292726585572,78.26838336091275,127.55123692036268,11.245977381951853,7.0047484948328425,18.209252911000696,1.6054791103845651
431.24008233128984,19.332214181393923,22.13313675195742,75.37246643862942,129.32308047803326,13.623364628241703,8.215537407873498,15.741280704789235,1.6582438800881758
428.58253404266,19.59614087061577,21.801487486462555,73.06581545467674,130.8831233046949,14.849988104240992,8.320592247356117,15.730024908537398,1.7847272961801008
430.2949740358911,19.74913639284388,22.028024303960443,69.63466266632427,132.5709123604676,17.18999016792924,8.441940658905809,15.703843193994992,2.036260483517459
428.97289466968317,19.988177209628006,22.384259914411654,71.9069467514274,133.11649272251725,16.48034602022531,8.512129769434013,15.63844728971612,1.9361013596625556
431.2071545025173,19.998682809965846,22.384259914411654,71.9069467514274,133.84534300141524,16.51716985812578,8.549324178340578,15.655663559993183,1.9319854427758707
445.156201458289,19.59614087061577,22.089890407021812,72.35468242620179,135.48870482354698,15.686153394873068,8.55507058742754,15.837239849623222,1.833550434747471
436.8271535709326,19.947001189202737,22.385601958503596,65.53261498917347,135.9471485484493,20.262088828435825,8.597574090070374,15.812268335722655,2.3567216305628804
440.6803339884318,19.95983721241555,22.475965359082522,67.0227117114192,136.89244707623988,19.530285900395608,8.632817506847996,15.857215441847314,2.262330448304181
449.8961183613694,19.957083142430264,22.0248177455657,75.75189364298853,138.9776313250044,14.074225384521043,8.825778059205126,15.746785200433775,1.5946724798774972
449.9961683285835,19.999685757500444,22.027963507200543,75.55012074596415,139.31894597639382,14.234869974439768,8.851421256332841,15.739726078082278,1.6082016166901199
